"2019-08-01T00:00:00Z","713.43","555.03","12630"
"2019-08-01T01:00:00Z","713.43","552.23","5190"
"2019-08-01T02:00:00Z","713.43","549.53","1640"
"2019-08-01T03:00:00Z","713.43","548.23","1650"
"2019-08-01T04:00:00Z","713.42","547.32","1650"
"2019-08-01T05:00:00Z","713.42","546.72","1660"
"2019-08-01T06:00:00Z","713.42","546.12","1660"
"2019-08-01T07:00:00Z","713.42","545.62","1660"
"2019-08-01T08:00:00Z","713.42","545.42","1660"
"2019-08-01T09:00:00Z","713.41","545.22","1660"
"2019-08-01T10:00:00Z","713.41","547.41","1650"
"2019-08-01T11:00:00Z","713.41","550.01","1640"
"2019-08-01T12:00:00Z","713.39","554.19","1620"
"2019-08-01T13:00:00Z","713.37","555.07","16300"
"2019-08-01T14:00:00Z","713.35","555.65","16290"
"2019-08-01T15:00:00Z","713.32","556.02","16450"
"2019-08-01T16:00:00Z","713.30","556.20","16450"
"2019-08-01T17:00:00Z","713.28","556.28","16450"
"2019-08-01T18:00:00Z","713.25","552.25","16450"
"2019-08-01T19:00:00Z","713.23","556.43","16450"
"2019-08-01T20:00:00Z","713.21","556.61","16450"
"2019-08-01T21:00:00Z","713.19","556.79","16610"
"2019-08-01T22:00:00Z","713.18","556.78","16610"
"2019-08-01T23:00:00Z","713.17","555.37","12620"
"2019-08-02T00:00:00Z","713.16","554.96","12630"
"2019-08-02T01:00:00Z","713.15","551.55","5180"
"2019-08-02T02:00:00Z","713.15","549.55","1640"
"2019-08-02T03:00:00Z","713.14","548.34","1650"
"2019-08-02T04:00:00Z","713.14","547.44","1650"
"2019-08-02T05:00:00Z","713.13","546.63","1660"
"2019-08-02T06:00:00Z","713.13","546.13","1660"
"2019-08-02T07:00:00Z","713.13","545.73","1660"
"2019-08-02T08:00:00Z","713.13","545.43","1660"
"2019-08-02T09:00:00Z","713.13","545.23","1660"
"2019-08-02T10:00:00Z","713.12","547.32","5160"
"2019-08-02T11:00:00Z","713.12","549.82","8740"
"2019-08-02T12:00:00Z","713.10","553.20","15900"
"2019-08-02T13:00:00Z","713.09","553.99","16100"
"2019-08-02T14:00:00Z","713.07","555.47","16290"
"2019-08-02T15:00:00Z","713.04","555.84","16450"
"2019-08-02T16:00:00Z","713.01","556.01","16450"
"2019-08-02T17:00:00Z","713.00","556.30","16450"
"2019-08-02T18:00:00Z","712.98","556.38","16450"
"2019-08-02T19:00:00Z","712.95","556.45","16450"
"2019-08-02T20:00:00Z","712.92","556.42","16450"
"2019-08-02T21:00:00Z","712.89","556.69","16610"
"2019-08-02T22:00:00Z","712.86","556.66","16610"
"2019-08-02T23:00:00Z","712.84","555.44","12740"
"2019-08-03T00:00:00Z","712.82","554.92","12620"
"2019-08-03T01:00:00Z","712.83","552.23","5190"
"2019-08-03T02:00:00Z","712.83","549.33","1640"
"2019-08-03T03:00:00Z","712.84","548.24","1650"
"2019-08-03T04:00:00Z","712.84","547.44","1650"
"2019-08-03T05:00:00Z","712.85","546.75","1650"
"2019-08-03T06:00:00Z","712.85","546.15","1660"
"2019-08-03T07:00:00Z","712.85","546.15","1660"
"2019-08-03T08:00:00Z","712.85","546.15","1660"
"2019-08-03T09:00:00Z","712.85","546.15","1660"
"2019-08-03T10:00:00Z","712.85","547.95","5180"
"2019-08-03T11:00:00Z","712.83","549.93","8740"
"2019-08-03T12:00:00Z","712.80","553.10","15910"
"2019-08-03T13:00:00Z","712.77","554.07","16110"
"2019-08-03T14:00:00Z","712.74","555.04","16290"
"2019-08-03T15:00:00Z","712.71","555.61","16450"
"2019-08-03T16:00:00Z","712.69","555.69","16450"
"2019-08-03T17:00:00Z","712.67","555.77","16450"
"2019-08-03T18:00:00Z","712.65","555.85","16450"
"2019-08-03T19:00:00Z","712.64","556.14","16450"
"2019-08-03T20:00:00Z","712.63","556.33","16610"
"2019-08-03T21:00:00Z","712.62","556.52","16610"
"2019-08-03T22:00:00Z","712.62","556.72","16610"
"2019-08-03T23:00:00Z","712.61","555.51","12740"
"2019-08-04T00:00:00Z","712.61","555.11","12620"
"2019-08-04T01:00:00Z","712.61","552.11","5190"
"2019-08-04T02:00:00Z","712.61","549.31","1640"
"2019-08-04T03:00:00Z","712.60","548.30","1650"
"2019-08-04T04:00:00Z","712.60","547.40","1650"
"2019-08-04T05:00:00Z","712.60","546.70","1650"
"2019-08-04T06:00:00Z","712.60","545.90","1660"
"2019-08-04T07:00:00Z","712.60","545.80","1660"
"2019-08-04T08:00:00Z","712.60","545.70","1660"
"2019-08-04T09:00:00Z","712.60","545.60","1660"
"2019-08-04T10:00:00Z","712.58","547.38","5180"
"2019-08-04T11:00:00Z","712.56","549.66","8740"
"2019-08-04T12:00:00Z","712.54","552.54","15900"
"2019-08-04T13:00:00Z","712.52","554.62","16290"
"2019-08-04T14:00:00Z","712.50","555.20","16450"
"2019-08-04T15:00:00Z","712.48","555.38","16450"
"2019-08-04T16:00:00Z","712.46","555.46","16450"
"2019-08-04T17:00:00Z","712.44","555.54","16450"
"2019-08-04T18:00:00Z","712.42","555.62","16450"
"2019-08-04T19:00:00Z","712.42","556.22","16610"
"2019-08-04T20:00:00Z","712.40","556.40","16600"
"2019-08-04T21:00:00Z","712.38","555.23","16600"
"2019-08-04T22:00:00Z","712.36","556.86","16600"
"2019-08-04T23:00:00Z","712.35","555.75","12740"
"2019-08-05T00:00:00Z","712.33","555.23","12620"
"2019-08-05T01:00:00Z","712.32","553.12","5240"
"2019-08-05T02:00:00Z","712.31","549.71","1640"
"2019-08-05T03:00:00Z","712.31","548.41","1640"
"2019-08-05T04:00:00Z","712.30","547.60","1650"
"2019-08-05T05:00:00Z","712.29","546.79","1660"
"2019-08-05T06:00:00Z","712.29","546.09","1660"
"2019-08-05T07:00:00Z","712.27","545.77","1650"
"2019-08-05T08:00:00Z","712.25","545.25","1650"
"2019-08-05T09:00:00Z","712.23","545.23","1650"
"2019-08-05T10:00:00Z","712.22","547.62","5180"
"2019-08-05T11:00:00Z","712.20","550.60","8750"
"2019-08-05T12:00:00Z","712.18","553.58","16100"
"2019-08-05T13:00:00Z","712.16","555.16","16450"
"2019-08-05T14:00:00Z","712.14","555.64","16450"
"2019-08-05T15:00:00Z","712.12","555.72","16660"
"2019-08-05T16:00:00Z","712.10","556.00","16660"
"2019-08-05T17:00:00Z","712.08","556.08","16600"
"2019-08-05T18:00:00Z","712.06","556.16","16600"
"2019-08-05T19:00:00Z","712.10","556.50","16600"
"2019-08-05T20:00:00Z","712.10","556.60","16600"
"2019-08-05T21:00:00Z","712.08","556.68","16720"
"2019-08-05T22:00:00Z","712.07","556.67","16720"
"2019-08-05T23:00:00Z","712.05","555.45","12740"
"2019-08-06T00:00:00Z","712.04","554.84","12740"
"2019-08-06T01:00:00Z","712.02","553.22","5240"
"2019-08-06T02:00:00Z","712.01","549.91","1630"
"2019-08-06T03:00:00Z","712.00","548.60","1640"
"2019-08-06T04:00:00Z","711.99","547.69","1650"
"2019-08-06T05:00:00Z","711.98","546.68","1650"
"2019-08-06T06:00:00Z","711.97","545.97","1650"
"2019-08-06T07:00:00Z","711.95","545.55","1650"
"2019-08-06T08:00:00Z","711.95","545.45","1650"
"2019-08-06T09:00:00Z","711.95","545.45","1650"
"2019-08-06T10:00:00Z","711.93","545.43","1650"
"2019-08-06T11:00:00Z","711.91","549.31","8740"
"2019-08-06T12:00:00Z","711.89","552.39","12340"
"2019-08-06T13:00:00Z","711.87","556.17","20350"
"2019-08-06T14:00:00Z","711.85","556.85","20500"
"2019-08-06T15:00:00Z","711.83","557.33","20500"
"2019-08-06T16:00:00Z","711.82","557.62","20690"
"2019-08-06T17:00:00Z","711.80","558.20","20690"
"2019-08-06T18:00:00Z","711.78","558.68","20840"
"2019-08-06T19:00:00Z","711.75","558.65","20840"
"2019-08-06T20:00:00Z","711.72","558.72","20840"
"2019-08-06T21:00:00Z","711.70","556.80","12850"
"2019-08-06T22:00:00Z","711.68","554.78","12740"
"2019-08-06T23:00:00Z","711.67","552.87","8860"
"2019-08-07T00:00:00Z","711.65","551.35","5200"
"2019-08-07T01:00:00Z","711.65","549.75","1630"
"2019-08-07T02:00:00Z","711.64","547.94","1640"
"2019-08-07T03:00:00Z","711.63","547.13","1650"
"2019-08-07T04:00:00Z","711.62","546.62","1650"
"2019-08-07T05:00:00Z","711.61","546.11","1650"
"2019-08-07T06:00:00Z","711.61","545.71","1650"
"2019-08-07T07:00:00Z","711.60","545.50","1650"
"2019-08-07T08:00:00Z","711.58","545.38","1650"
"2019-08-07T09:00:00Z","711.56","545.16","1650"
"2019-08-07T10:00:00Z","711.56","545.16","1650"
"2019-08-07T11:00:00Z","711.54","549.14","8755"
"2019-08-07T12:00:00Z","711.52","552.32","16100"
"2019-08-07T13:00:00Z","711.50","556.20","20510"
"2019-08-07T14:00:00Z","711.48","557.38","20700"
"2019-08-07T15:00:00Z","711.46","557.56","20715"
"2019-08-07T16:00:00Z","711.44","557.84","20740"
"2019-08-07T17:00:00Z","711.42","558.02","20890"
"2019-08-07T18:00:00Z","711.40","558.10","20840"
"2019-08-07T19:00:00Z","711.37","558.67","20840"
"2019-08-07T20:00:00Z","711.34","557.64","16870"
"2019-08-07T21:00:00Z","711.33","556.03","12940"
"2019-08-07T22:00:00Z","711.31","555.61","12850"
"2019-08-07T23:00:00Z","711.29","553.09","8950"
"2019-08-08T00:00:00Z","711.28","551.88","5240"
"2019-08-08T01:00:00Z","711.28","549.38","1630"
"2019-08-08T02:00:00Z","711.27","548.27","1640"
"2019-08-08T03:00:00Z","711.27","547.37","1640"
"2019-08-08T04:00:00Z","711.26","546.76","1650"
"2019-08-08T05:00:00Z","711.25","546.15","1650"
"2019-08-08T06:00:00Z","711.24","545.74","1650"
"2019-08-08T07:00:00Z","711.24","545.44","1650"
"2019-08-08T08:00:00Z","711.24","545.24","1650"
"2019-08-08T09:00:00Z","711.24","545.14","1650"
"2019-08-08T10:00:00Z","711.24","545.04","1660"
"2019-08-08T11:00:00Z","711.23","550.03","8750"
"2019-08-08T12:00:00Z","711.21","553.61","16290"
"2019-08-08T13:00:00Z","711.18","557.08","22260"
"2019-08-08T14:00:00Z","711.15","557.75","22410"
"2019-08-08T15:00:00Z","711.12","558.12","22410"
"2019-08-08T16:00:00Z","711.09","558.69","22610"
"2019-08-08T17:00:00Z","711.06","558.86","22590"
"2019-08-08T18:00:00Z","711.03","559.13","22590"
"2019-08-08T19:00:00Z","711.00","559.20","21030"
"2019-08-08T20:00:00Z","710.97","558.07","16990"
"2019-08-08T21:00:00Z","710.94","555.64","12940"
"2019-08-08T22:00:00Z","710.91","554.81","12850"
"2019-08-08T23:00:00Z","710.89","553.59","9030"
"2019-08-09T00:00:00Z","710.88","551.48","5240"
"2019-08-09T01:00:00Z","710.87","549.97","1630"
"2019-08-09T02:00:00Z","710.86","548.56","1640"
"2019-08-09T03:00:00Z","710.86","547.66","1640"
"2019-08-09T04:00:00Z","710.85","546.85","1640"
"2019-08-09T05:00:00Z","710.84","546.24","1650"
"2019-08-09T06:00:00Z","710.84","545.74","1650"
"2019-08-09T07:00:00Z","710.84","545.54","1650"
"2019-08-09T08:00:00Z","710.84","545.34","1650"
"2019-08-09T09:00:00Z","710.84","545.14","1650"
"2019-08-09T10:00:00Z","710.84","544.94","1650"
"2019-08-09T11:00:00Z","710.82","549.32","8730"
"2019-08-09T12:00:00Z","710.80","552.50","12630"
"2019-08-09T13:00:00Z","710.77","556.67","22260"
"2019-08-09T14:00:00Z","710.74","557.54","22410"
"2019-08-09T15:00:00Z","710.71","558.21","22410"
"2019-08-09T16:00:00Z","710.68","558.78","22590"
"2019-08-09T17:00:00Z","710.65","559.05","22590"
"2019-08-09T18:00:00Z","710.62","556.22","14640"
"2019-08-09T19:00:00Z","710.59","555.79","12940"
"2019-08-09T20:00:00Z","710.57","555.17","12940"
"2019-08-09T21:00:00Z","710.55","554.65","12850"
"2019-08-09T22:00:00Z","710.53","554.13","12860"
"2019-08-09T23:00:00Z","710.51","553.61","12740"
"2019-08-10T00:00:00Z","710.49","552.39","8950"
"2019-08-10T01:00:00Z","710.49","549.89","1630"
"2019-08-10T02:00:00Z","710.48","548.18","1640"
"2019-08-10T03:00:00Z","710.48","547.38","1640"
"2019-08-10T04:00:00Z","710.48","546.78","1640"
"2019-08-10T05:00:00Z","710.47","546.07","1650"
"2019-08-10T06:00:00Z","710.47","545.77","1650"
"2019-08-10T07:00:00Z","710.47","545.57","1650"
"2019-08-10T08:00:00Z","710.47","545.37","1650"
"2019-08-10T09:00:00Z","710.47","545.17","1650"
"2019-08-10T10:00:00Z","710.47","545.07","1650"
"2019-08-10T11:00:00Z","710.46","549.06","8750"
"2019-08-10T12:00:00Z","710.44","551.94","12480"
"2019-08-10T13:00:00Z","710.42","553.12","12740"
"2019-08-10T14:00:00Z","710.40","553.50","12740"
"2019-08-10T15:00:00Z","710.38","553.78","12740"
"2019-08-10T16:00:00Z","710.36","553.96","12860"
"2019-08-10T17:00:00Z","710.34","554.04","12860"
"2019-08-10T18:00:00Z","710.32","554.12","12860"
"2019-08-10T19:00:00Z","710.30","554.20","12850"
"2019-08-10T20:00:00Z","710.28","554.18","12850"
"2019-08-10T21:00:00Z","710.25","554.25","12850"
"2019-08-10T22:00:00Z","710.23","554.33","12850"
"2019-08-10T23:00:00Z","710.20","554.30","12850"
"2019-08-11T00:00:00Z","710.18","553.38","9030"
"2019-08-11T01:00:00Z","710.18","550.08","1620"
"2019-08-11T02:00:00Z","710.18","548.78","1630"
"2019-08-11T03:00:00Z","710.17","547.37","1640"
"2019-08-11T04:00:00Z","710.17","546.47","1640"
"2019-08-11T05:00:00Z","710.17","545.67","1640"
"2019-08-11T06:00:00Z","710.17","546.17","1640"
"2019-08-11T07:00:00Z","710.16","545.66","1640"
"2019-08-11T08:00:00Z","710.15","545.35","1640"
"2019-08-11T09:00:00Z","710.13","545.33","1640"
"2019-08-11T10:00:00Z","710.11","545.11","1640"
"2019-08-11T11:00:00Z","710.19","549.69","8750"
"2019-08-11T12:00:00Z","710.17","552.17","12630"
"2019-08-11T13:00:00Z","710.15","553.45","12740"
"2019-08-11T14:00:00Z","710.13","553.63","12740"
"2019-08-11T15:00:00Z","710.01","553.71","12740"
"2019-08-11T16:00:00Z","709.99","553.79","12740"
"2019-08-11T17:00:00Z","709.97","553.87","12740"
"2019-08-11T18:00:00Z","709.95","553.95","12740"
"2019-08-11T19:00:00Z","709.95","554.15","12850"
"2019-08-11T20:00:00Z","709.94","554.34","12850"
"2019-08-11T21:00:00Z","709.92","554.42","12850"
"2019-08-11T22:00:00Z","709.90","554.40","12850"
"2019-08-11T23:00:00Z","709.89","554.39","12850"
"2019-08-12T00:00:00Z","709.88","552.48","9030"
"2019-08-12T01:00:00Z","709.87","549.17","1630"
"2019-08-12T02:00:00Z","709.87","547.87","1630"
"2019-08-12T03:00:00Z","709.86","546.96","1640"
"2019-08-12T04:00:00Z","709.86","546.26","1640"
"2019-08-12T05:00:00Z","709.85","545.85","1640"
"2019-08-12T06:00:00Z","709.85","545.25","1650"
"2019-08-12T07:00:00Z","709.84","545.25","1650"
"2019-08-12T08:00:00Z","709.83","545.25","1650"
"2019-08-12T09:00:00Z","709.82","545.25","1650"
"2019-08-12T10:00:00Z","709.80","545.25","1650"
"2019-08-12T11:00:00Z","709.78","545.25","1650"
"2019-08-12T12:00:00Z","709.73","545.25","1650"
"2019-08-12T13:00:00Z","709.69","545.25","1650"
"2019-08-12T14:00:00Z","709.65","545.25","1650"
"2019-08-12T15:00:00Z","709.61","545.25","1650"
"2019-08-12T16:00:00Z","709.58","545.25","1650"
"2019-08-12T17:00:00Z","709.57","545.25","1650"
"2019-08-12T18:00:00Z","709.55","545.25","1650"
"2019-08-12T19:00:00Z","709.56","545.25","1650"
"2019-08-12T20:00:00Z","709.54","545.25","1650"
"2019-08-12T21:00:00Z","709.53","545.25","1650"
"2019-08-12T22:00:00Z","709.52","545.25","1650"
"2019-08-12T23:00:00Z","709.51","545.25","1650"
"2019-08-13T00:00:00Z","709.50","548.58","1630"
"2019-08-13T01:00:00Z","709.49","548.58","1630"
"2019-08-13T02:00:00Z","709.48","548.58","1630"
"2019-08-13T03:00:00Z","709.47","547.57","1630"
"2019-08-13T04:00:00Z","709.46","546.76","1640"
"2019-08-13T05:00:00Z","709.46","546.26","1640"
"2019-08-13T06:00:00Z","709.45","545.75","1640"
"2019-08-13T07:00:00Z","709.44","545.54","1640"
"2019-08-13T08:00:00Z","709.43","545.53","1640"
"2019-08-13T09:00:00Z","709.42","545.52","1640"
"2019-08-13T10:00:00Z","709.40","549.60","8770"
"2019-08-13T11:00:00Z","709.38","550.68","8860"
"2019-08-13T12:00:00Z","709.39","552.99","12910"
"2019-08-13T13:00:00Z","709.39","555.39","18510"
"2019-08-13T14:00:00Z","709.37","555.97","18630"
"2019-08-13T15:00:00Z","709.35","557.65","22660"
"2019-08-13T16:00:00Z","709.33","558.03","22660"
"2019-08-13T17:00:00Z","709.31","558.21","22660"
"2019-08-13T18:00:00Z","709.29","558.49","22660"
"2019-08-13T19:00:00Z","709.24","556.84","13310"
"2019-08-13T20:00:00Z","709.19","556.19","13190"
"2019-08-13T21:00:00Z","709.13","556.03","13190"
"2019-08-13T22:00:00Z","709.11","554.21","9210"
"2019-08-13T23:00:00Z","709.08","553.38","9150"
"2019-08-14T00:00:00Z","709.06","551.06","1660"
"2019-08-14T01:00:00Z","709.06","548.76","1680"
"2019-08-14T02:00:00Z","709.06","547.76","1680"
"2019-08-14T03:00:00Z","709.06","546.86","1680"
"2019-08-14T04:00:00Z","709.06","546.26","1690"
"2019-08-14T05:00:00Z","709.06","545.96","1690"
"2019-08-14T06:00:00Z","709.06","545.46","1690"
"2019-08-14T07:00:00Z","709.06","545.26","1640"
"2019-08-14T08:00:00Z","709.06","545.16","1640"
"2019-08-14T09:00:00Z","709.07","545.07","1640"
"2019-08-14T10:00:00Z","709.15","549.05","8810"
"2019-08-14T11:00:00Z","709.13","549.13","12380"
"2019-08-14T12:00:00Z","709.11","550.31","22870"
"2019-08-14T13:00:00Z","709.09","557.29","24220"
"2019-08-14T14:00:00Z","708.95","558.25","24420"
"2019-08-14T15:00:00Z","708.90","559.80","24340"
"2019-08-14T16:00:00Z","708.85","559.95","24340"
"2019-08-14T17:00:00Z","708.80","560.00","24490"
"2019-08-14T18:00:00Z","708.75","560.05","24490"
"2019-08-14T19:00:00Z","708.75","557.15","13250"
"2019-08-14T20:00:00Z","708.75","556.55","13250"
"2019-08-14T21:00:00Z","708.73","555.43","9290"
"2019-08-14T22:00:00Z","708.71","553.81","9160"
"2019-08-14T23:00:00Z","708.70","550.40","1610"
"2019-08-15T00:00:00Z","708.68","548.98","1620"
"2019-08-15T01:00:00Z","708.68","547.88","1630"
"2019-08-15T02:00:00Z","708.68","546.98","1630"
"2019-08-15T03:00:00Z","708.68","546.58","1630"
"2019-08-15T04:00:00Z","708.67","545.97","1640"
"2019-08-15T05:00:00Z","708.67","545.67","1640"
"2019-08-15T06:00:00Z","708.67","545.47","1640"
"2019-08-15T07:00:00Z","708.67","545.27","1640"
"2019-08-15T08:00:00Z","708.67","545.17","1640"
"2019-08-15T09:00:00Z","708.67","545.07","1640"
"2019-08-15T10:00:00Z","708.67","544.97","1640"
"2019-08-15T11:00:00Z","708.65","549.75","8860"
"2019-08-15T12:00:00Z","708.63","552.83","12850"
"2019-08-15T13:00:00Z","708.60","557.20","24350"
"2019-08-15T14:00:00Z","708.57","558.27","24500"
"2019-08-15T15:00:00Z","708.54","559.24","24670"
"2019-08-15T16:00:00Z","708.51","559.61","24670"
"2019-08-15T17:00:00Z","708.48","559.98","24670"
"2019-08-15T18:00:00Z","708.45","560.15","24790"
"2019-08-15T19:00:00Z","708.43","556.82","13250"
"2019-08-15T20:00:00Z","708.38","556.28","13250"
"2019-08-15T21:00:00Z","708.34","555.84","13260"
"2019-08-15T22:00:00Z","708.33","555.43","13140"
"2019-08-15T23:00:00Z","708.31","553.91","9240"
"2019-08-16T00:00:00Z","708.31","551.81","5360"
"2019-08-16T01:00:00Z","708.31","549.11","1620"
"2019-08-16T02:00:00Z","708.31","548.11","1620"
"2019-08-16T03:00:00Z","708.30","547.30","1630"
"2019-08-16T04:00:00Z","708.29","546.69","1630"
"2019-08-16T05:00:00Z","708.28","546.18","1630"
"2019-08-16T06:00:00Z","708.28","545.78","1640"
"2019-08-16T07:00:00Z","708.28","545.48","1640"
"2019-08-16T08:00:00Z","708.28","545.18","1640"
"2019-08-16T09:00:00Z","708.28","545.08","1640"
"2019-08-16T10:00:00Z","708.28","544.98","1640"
"2019-08-16T11:00:00Z","708.25","549.45","8860"
"2019-08-16T12:00:00Z","708.22","552.52","12850"
"2019-08-16T13:00:00Z","708.19","557.29","24350"
"2019-08-16T14:00:00Z","708.16","558.46","24470"
"2019-08-16T15:00:00Z","708.13","559.23","24670"
"2019-08-16T16:00:00Z","708.10","559.70","24820"
"2019-08-16T17:00:00Z","708.07","560.07","24790"
"2019-08-16T18:00:00Z","708.04","560.07","24790"
"2019-08-16T19:00:00Z","708.01","560.07","24790"
"2019-08-16T20:00:00Z","707.97","560.07","24790"
"2019-08-16T21:00:00Z","707.92","560.07","24790"
"2019-08-16T22:00:00Z","707.89","560.07","24790"
"2019-08-16T23:00:00Z","707.87","560.07","24790"
"2019-08-17T00:00:00Z","707.86","560.07","24790"
"2019-08-17T01:00:00Z","707.85","560.07","24790"
"2019-08-17T02:00:00Z","707.83","560.07","24790"
"2019-08-17T03:00:00Z","707.81","560.07","24790"
"2019-08-17T04:00:00Z","707.79","560.07","24790"
"2019-08-17T05:00:00Z","707.77","560.07","24790"
"2019-08-17T06:00:00Z","707.75","560.07","24790"
"2019-08-17T07:00:00Z","707.73","560.07","24790"
"2019-08-17T08:00:00Z","707.71","560.07","24790"
"2019-08-17T09:00:00Z","707.69","560.07","24790"
"2019-08-17T10:00:00Z","707.67","560.07","24790"
"2019-08-17T11:00:00Z","707.65","560.07","24790"
"2019-08-17T12:00:00Z","707.63","560.07","24790"
"2019-08-17T13:00:00Z","707.61","560.07","24790"
"2019-08-17T14:00:00Z","707.59","560.07","24790"
"2019-08-17T15:00:00Z","707.58","560.07","24790"
"2019-08-17T16:00:00Z","707.57","560.07","24790"
"2019-08-17T17:00:00Z","707.56","560.07","24790"
"2019-08-17T18:00:00Z","707.55","560.07","24790"
"2019-08-17T19:00:00Z","707.54","560.07","24790"
"2019-08-17T20:00:00Z","707.53","560.07","24790"
"2019-08-17T21:00:00Z","707.53","560.07","24790"
"2019-08-17T22:00:00Z","707.52","560.07","24790"
"2019-08-17T23:00:00Z","707.52","560.07","24790"
"2019-08-18T00:00:00Z","707.52","547.53","1620"
"2019-08-18T01:00:00Z","707.51","547.53","1620"
"2019-08-18T02:00:00Z","707.51","547.53","1620"
"2019-08-18T03:00:00Z","707.51","546.83","1630"
"2019-08-18T04:00:00Z","707.52","546.12","1630"
"2019-08-18T05:00:00Z","707.52","545.72","1630"
"2019-08-18T06:00:00Z","707.53","545.42","1630"
"2019-08-18T07:00:00Z","707.52","545.22","1630"
"2019-08-18T08:00:00Z","707.51","545.11","1640"
"2019-08-18T09:00:00Z","707.51","545.01","1640"
"2019-08-18T10:00:00Z","707.50","549.50","8950"
"2019-08-18T11:00:00Z","707.48","550.68","9030"
"2019-08-18T12:00:00Z","707.46","552.76","12940"
"2019-08-18T13:00:00Z","707.44","553.44","13050"
"2019-08-18T14:00:00Z","707.42","553.72","13050"
"2019-08-18T15:00:00Z","707.39","553.99","13140"
"2019-08-18T16:00:00Z","707.37","554.17","13140"
"2019-08-18T17:00:00Z","707.35","554.25","13140"
"2019-08-18T18:00:00Z","707.33","554.33","13140"
"2019-08-18T19:00:00Z","707.31","554.41","13140"
"2019-08-18T20:00:00Z","707.29","554.59","13140"
"2019-08-18T21:00:00Z","707.27","554.57","13140"
"2019-08-18T22:00:00Z","707.25","554.55","13140"
"2019-08-18T23:00:00Z","707.23","552.93","9240"
"2019-08-19T00:00:00Z","707.22","550.92","5360"
"2019-08-19T01:00:00Z","707.22","548.72","1620"
"2019-08-19T02:00:00Z","707.22","547.72","1620"
"2019-08-19T03:00:00Z","707.22","546.82","1630"
"2019-08-19T04:00:00Z","707.22","546.12","1630"
"2019-08-19T05:00:00Z","707.22","545.72","1630"
"2019-08-19T06:00:00Z","707.22","545.32","1630"
"2019-08-19T07:00:00Z","707.22","545.12","1630"
"2019-08-19T08:00:00Z","707.22","544.92","1630"
"2019-08-19T09:00:00Z","707.22","544.82","1640"
"2019-08-19T10:00:00Z","707.19","547.39","5190"
"2019-08-19T11:00:00Z","707.17","552.17","12940"
"2019-08-19T12:00:00Z","707.15","553.65","13050"
"2019-08-19T13:00:00Z","707.12","557.42","24470"
"2019-08-19T14:00:00Z","707.08","558.48","24670"
"2019-08-19T15:00:00Z","707.05","559.25","24790"
"2019-08-19T16:00:00Z","707.00","559.50","24790"
"2019-08-19T17:00:00Z","706.96","560.06","24790"
"2019-08-19T18:00:00Z","706.93","560.13","24790"
"2019-08-19T19:00:00Z","706.91","557.11","13970"
"2019-08-19T20:00:00Z","706.89","556.59","13980"
"2019-08-19T21:00:00Z","706.87","556.17","13890"
"2019-08-19T22:00:00Z","706.85","555.85","13890"
"2019-08-19T23:00:00Z","706.83","552.63","5940"
"2019-08-20T00:00:00Z","706.81","550.51","2130"
"2019-08-20T01:00:00Z","706.80","548.90","2130"
"2019-08-20T02:00:00Z","706.79","547.99","2140"
"2019-08-20T03:00:00Z","706.78","547.28","2140"
"2019-08-20T04:00:00Z","706.77","546.77","2140"
"2019-08-20T05:00:00Z","706.76","546.26","2150"
"2019-08-20T06:00:00Z","706.75","545.85","2150"
"2019-08-20T07:00:00Z","706.79","545.79","2150"
"2019-08-20T08:00:00Z","706.78","545.68","2150"
"2019-08-20T09:00:00Z","706.76","547.56","5760"
"2019-08-20T10:00:00Z","706.91","548.31","5760"
"2019-08-20T11:00:00Z","706.70","552.90","13570"
"2019-08-20T12:00:00Z","706.68","553.48","13630"
"2019-08-20T13:00:00Z","706.65","554.35","13770"
"2019-08-20T14:00:00Z","706.63","557.83","25190"
"2019-08-20T15:00:00Z","706.60","558.80","25310"
"2019-08-20T16:00:00Z","706.56","559.86","25310"
"2019-08-20T17:00:00Z","706.52","560.22","25430"
"2019-08-20T18:00:00Z","706.49","560.29","25430"
"2019-08-20T19:00:00Z","706.46","556.76","13970"
"2019-08-20T20:00:00Z","706.43","556.13","13980"
"2019-08-20T21:00:00Z","706.41","555.81","13890"
"2019-08-20T22:00:00Z","706.39","555.59","13890"
"2019-08-20T23:00:00Z","706.37","552.77","5930"
"2019-08-21T00:00:00Z","706.36","551.86","5900"
"2019-08-21T01:00:00Z","706.35","549.35","2130"
"2019-08-21T02:00:00Z","706.34","548.34","2130"
"2019-08-21T03:00:00Z","706.33","547.53","2140"
"2019-08-21T04:00:00Z","706.32","546.82","2140"
"2019-08-21T05:00:00Z","706.31","546.41","2140"
"2019-08-21T06:00:00Z","706.30","546.00","2150"
"2019-08-21T07:00:00Z","706.30","545.80","2150"
"2019-08-21T08:00:00Z","706.31","545.61","2150"
"2019-08-21T09:00:00Z","706.30","545.50","2150"
"2019-08-21T10:00:00Z","706.30","545.40","2150"
"2019-08-21T11:00:00Z","706.28","550.48","9620"
"2019-08-21T12:00:00Z","706.25","553.75","13660"
"2019-08-21T13:00:00Z","706.20","557.10","25190"
"2019-08-21T14:00:00Z","706.16","558.66","25310"
"2019-08-21T15:00:00Z","706.13","559.33","25310"
"2019-08-21T16:00:00Z","706.10","560.10","25430"
"2019-08-21T17:00:00Z","706.07","560.27","25430"
"2019-08-21T18:00:00Z","706.03","560.43","25430"
"2019-08-21T19:00:00Z","706.01","556.71","14090"
"2019-08-21T20:00:00Z","705.99","556.09","13970"
"2019-08-21T21:00:00Z","705.97","555.97","13970"
"2019-08-21T22:00:00Z","705.95","555.55","13970"
"2019-08-21T23:00:00Z","705.93","552.73","9800"
"2019-08-22T00:00:00Z","705.91","551.81","5930"
"2019-08-22T01:00:00Z","705.89","549.89","2120"
"2019-08-22T02:00:00Z","705.87","548.17","2130"
"2019-08-22T03:00:00Z","705.85","547.65","2130"
"2019-08-22T04:00:00Z","705.83","547.03","2140"
"2019-08-22T05:00:00Z","705.81","546.51","2140"
"2019-08-22T06:00:00Z","705.79","546.09","2140"
"2019-08-22T07:00:00Z","705.83","545.93","2160"
"2019-08-22T08:00:00Z","705.83","545.83","2160"
"2019-08-22T09:00:00Z","705.83","545.63","2160"
"2019-08-22T10:00:00Z","705.83","545.53","2160"
"2019-08-22T11:00:00Z","705.82","549.32","9650"
"2019-08-22T12:00:00Z","705.81","555.41","21050"
"2019-08-22T13:00:00Z","705.77","556.77","21190"
"2019-08-22T14:00:00Z","705.74","557.54","21280"
"2019-08-22T15:00:00Z","705.71","558.11","21280"
"2019-08-22T16:00:00Z","705.68","558.48","21280"
"2019-08-22T17:00:00Z","705.68","558.48","21280"
"2019-08-22T18:00:00Z","705.68","558.48","21280"
"2019-08-22T19:00:00Z","705.59","555.69","10000"
"2019-08-22T20:00:00Z","705.57","555.37","10010"
"2019-08-22T21:00:00Z","705.55","552.05","9730"
"2019-08-22T22:00:00Z","705.53","551.53","9750"
"2019-08-22T23:00:00Z","705.51","551.31","9750"
"2019-08-23T00:00:00Z","705.49","551.19","9750"
"2019-08-23T01:00:00Z","705.47","548.67","2110"
"2019-08-23T02:00:00Z","705.45","547.95","2130"
"2019-08-23T03:00:00Z","705.43","547.03","2130"
"2019-08-23T04:00:00Z","705.41","546.81","2140"
"2019-08-23T05:00:00Z","705.39","546.69","2140"
"2019-08-23T06:00:00Z","705.37","546.47","2140"
"2019-08-23T07:00:00Z","705.37","545.77","2140"
"2019-08-23T08:00:00Z","705.37","545.67","2140"
"2019-08-23T09:00:00Z","705.37","545.57","2140"
"2019-08-23T10:00:00Z","705.37","545.47","2140"
"2019-08-23T11:00:00Z","705.37","549.37","9620"
"2019-08-23T12:00:00Z","705.37","555.47","21030"
"2019-08-23T13:00:00Z","705.36","556.96","21280"
"2019-08-23T14:00:00Z","705.33","557.53","21280"
"2019-08-23T15:00:00Z","705.30","558.00","21280"
"2019-08-23T16:00:00Z","705.27","558.17","21280"
"2019-08-23T17:00:00Z","705.24","558.44","21280"
"2019-08-23T18:00:00Z","705.21","558.61","21250"
"2019-08-23T19:00:00Z","705.19","555.69","10000"
"2019-08-23T20:00:00Z","705.17","555.37","10010"
"2019-08-23T21:00:00Z","705.15","552.05","9810"
"2019-08-23T22:00:00Z","705.13","551.53","9750"
"2019-08-23T23:00:00Z","705.11","551.31","9750"
"2019-08-24T00:00:00Z","705.09","551.19","9750"
"2019-08-24T01:00:00Z","705.08","548.18","2130"
"2019-08-24T02:00:00Z","705.07","547.17","2130"
"2019-08-24T03:00:00Z","705.06","546.96","2130"
"2019-08-24T04:00:00Z","705.05","546.45","2140"
"2019-08-24T05:00:00Z","705.04","546.34","2140"
"2019-08-24T06:00:00Z","705.03","546.03","2140"
"2019-08-24T07:00:00Z","705.04","545.93","2140"
"2019-08-24T08:00:00Z","705.05","545.73","2140"
"2019-08-24T09:00:00Z","705.06","545.63","2140"
"2019-08-24T10:00:00Z","705.06","545.46","2140"
"2019-08-24T11:00:00Z","705.05","545.45","2140"
"2019-08-24T12:00:00Z","705.03","550.13","9680"
"2019-08-24T13:00:00Z","705.01","550.81","9760"
"2019-08-24T14:00:00Z","704.99","551.49","9750"
"2019-08-24T15:00:00Z","704.98","551.68","9810"
"2019-08-24T16:00:00Z","704.97","551.77","9810"
"2019-08-24T17:00:00Z","704.96","551.86","9810"
"2019-08-24T18:00:00Z","704.95","551.95","9810"
"2019-08-24T19:00:00Z","704.94","552.04","9810"
"2019-08-24T20:00:00Z","704.93","552.03","9810"
"2019-08-24T21:00:00Z","704.91","552.01","9810"
"2019-08-24T22:00:00Z","704.90","552.00","9810"
"2019-08-24T23:00:00Z","704.89","550.09","2120"
"2019-08-25T00:00:00Z","704.88","548.28","2130"
"2019-08-25T01:00:00Z","704.87","547.07","2130"
"2019-08-25T02:00:00Z","704.86","546.46","2130"
"2019-08-25T03:00:00Z","704.85","546.05","2140"
"2019-08-25T04:00:00Z","704.84","545.84","2140"
"2019-08-25T05:00:00Z","704.83","545.63","2140"
"2019-08-25T06:00:00Z","704.82","545.52","2140"
"2019-08-25T07:00:00Z","704.82","545.42","2140"
"2019-08-25T08:00:00Z","704.82","545.32","2140"
"2019-08-25T09:00:00Z","704.82","545.22","2140"
"2019-08-25T10:00:00Z","704.82","545.22","2140"
"2019-08-25T11:00:00Z","704.81","550.01","9680"
"2019-08-25T12:00:00Z","704.80","550.80","9750"
"2019-08-25T13:00:00Z","704.80","551.20","9750"
"2019-08-25T14:00:00Z","704.79","551.69","9810"
"2019-08-25T15:00:00Z","704.78","551.88","9810"
"2019-08-25T16:00:00Z","704.77","551.97","9810"
"2019-08-25T17:00:00Z","704.76","552.06","9810"
"2019-08-25T18:00:00Z","704.75","552.15","9810"
"2019-08-25T19:00:00Z","704.74","550.14","2120"
"2019-08-25T20:00:00Z","704.73","548.93","2120"
"2019-08-25T21:00:00Z","704.72","547.92","2130"
"2019-08-25T22:00:00Z","704.71","547.11","2130"
"2019-08-25T23:00:00Z","704.70","546.50","2130"
"2019-08-26T00:00:00Z","704.69","546.19","2140"
"2019-08-26T01:00:00Z","704.68","545.98","2140"
"2019-08-26T02:00:00Z","704.67","545.98","2140"
"2019-08-26T03:00:00Z","704.66","545.87","2140"
"2019-08-26T04:00:00Z","704.65","545.85","2140"
"2019-08-26T05:00:00Z","704.64","545.34","2140"
"2019-08-26T06:00:00Z","704.63","545.33","2140"
"2019-08-26T07:00:00Z","704.65","545.25","2140"
"2019-08-26T08:00:00Z","704.67","545.17","2140"
"2019-08-26T09:00:00Z","704.70","545.10","2140"
"2019-08-26T10:00:00Z","704.73","545.13","2140"
"2019-08-26T11:00:00Z","704.73","549.53","9680"
"2019-08-26T12:00:00Z","704.70","555.10","21000"
"2019-08-26T13:00:00Z","704.68","556.88","21280"
"2019-08-26T14:00:00Z","704.65","557.25","21280"
"2019-08-26T15:00:00Z","704.61","557.61","21280"
"2019-08-26T16:00:00Z","704.58","558.28","21370"
"2019-08-26T17:00:00Z","704.56","558.46","21370"
"2019-08-26T18:00:00Z","704.53","558.63","21370"
"2019-08-26T19:00:00Z","704.50","555.10","10090"
"2019-08-26T20:00:00Z","704.48","553.48","9960"
"2019-08-26T21:00:00Z","704.46","552.36","9880"
"2019-08-26T22:00:00Z","704.44","551.84","9810"
"2019-08-26T23:00:00Z","704.42","551.42","9810"
"2019-08-27T00:00:00Z","704.40","551.10","9810"
"2019-08-27T01:00:00Z","704.39","548.79","2120"
"2019-08-27T02:00:00Z","704.39","547.68","2130"
"2019-08-27T03:00:00Z","704.38","546.98","2130"
"2019-08-27T04:00:00Z","704.37","546.67","2130"
"2019-08-27T05:00:00Z","704.37","546.37","2130"
"2019-08-27T06:00:00Z","704.36","545.96","2140"
"2019-08-27T07:00:00Z","704.36","545.76","2140"
"2019-08-27T08:00:00Z","704.36","545.66","2140"
"2019-08-27T09:00:00Z","704.36","545.56","2140"
"2019-08-27T10:00:00Z","704.36","545.46","2140"
"2019-08-27T11:00:00Z","704.34","550.24","9750"
"2019-08-27T12:00:00Z","704.31","555.71","21190"
"2019-08-27T13:00:00Z","704.28","556.68","21280"
"2019-08-27T14:00:00Z","704.25","557.55","21280"
"2019-08-27T15:00:00Z","704.22","557.82","21370"
"2019-08-27T16:00:00Z","704.19","558.39","21370"
"2019-08-27T17:00:00Z","704.16","558.56","21370"
"2019-08-27T18:00:00Z","704.13","558.63","21370"
"2019-08-27T19:00:00Z","704.10","555.10","10090"
"2019-08-27T20:00:00Z","704.08","553.48","9960"
"2019-08-27T21:00:00Z","704.06","552.36","9880"
"2019-08-27T22:00:00Z","704.04","551.64","9890"
"2019-08-27T23:00:00Z","704.02","551.22","9810"
"2019-08-28T00:00:00Z","704.00","550.90","9810"
"2019-08-28T01:00:00Z","704.00","548.70","2120"
"2019-08-28T02:00:00Z","704.00","547.60","2120"
"2019-08-28T03:00:00Z","704.00","547.00","2130"
"2019-08-28T04:00:00Z","704.00","546.50","2130"
"2019-08-28T05:00:00Z","704.00","546.40","2130"
"2019-08-28T06:00:00Z","703.99","545.99","2130"
"2019-08-28T07:00:00Z","703.99","545.79","2130"
"2019-08-28T08:00:00Z","703.99","545.59","2140"
"2019-08-28T09:00:00Z","703.98","545.48","2140"
"2019-08-28T10:00:00Z","703.98","545.38","2140"
"2019-08-28T11:00:00Z","703.97","549.27","9680"
"2019-08-28T12:00:00Z","703.95","555.45","21280"
"2019-08-28T13:00:00Z","703.93","556.93","21280"
"2019-08-28T14:00:00Z","703.89","557.79","21370"
"2019-08-28T15:00:00Z","703.84","558.14","21370"
"2019-08-28T16:00:00Z","703.81","558.31","21370"
"2019-08-28T17:00:00Z","703.78","558.58","21490"
"2019-08-28T18:00:00Z","703.75","558.65","21490"
"2019-08-28T19:00:00Z","703.72","555.12","10090"
"2019-08-28T20:00:00Z","703.70","553.60","10010"
"2019-08-28T21:00:00Z","703.68","552.48","9960"
"2019-08-28T22:00:00Z","703.66","551.76","9880"
"2019-08-28T23:00:00Z","703.64","551.14","9810"
"2019-08-29T00:00:00Z","703.62","550.82","9810"
"2019-08-29T01:00:00Z","703.61","548.91","2120"
"2019-08-29T02:00:00Z","703.61","547.71","2120"
"2019-08-29T03:00:00Z","703.60","547.20","2130"
"2019-08-29T04:00:00Z","703.60","546.80","2130"
"2019-08-29T05:00:00Z","703.60","546.30","2130"
"2019-08-29T06:00:00Z","703.59","545.99","2130"
"2019-08-29T07:00:00Z","703.58","545.48","2130"
"2019-08-29T08:00:00Z","703.57","545.27","2130"
"2019-08-29T09:00:00Z","703.56","545.06","2130"
"2019-08-29T10:00:00Z","703.55","545.05","2130"
"2019-08-29T11:00:00Z","703.54","549.24","9750"
"2019-08-29T12:00:00Z","703.50","557.80","21190"
"2019-08-29T13:00:00Z","703.50","556.10","21280"
"2019-08-29T14:00:00Z","703.48","557.48","21370"
"2019-08-29T15:00:00Z","703.46","558.66","21370"
"2019-08-29T16:00:00Z","703.44","558.74","21370"
"2019-08-29T17:00:00Z","703.42","558.72","21370"
"2019-08-29T18:00:00Z","703.40","558.20","21370"
"2019-08-29T19:00:00Z","703.37","555.37","10140"
"2019-08-29T20:00:00Z","703.34","553.74","10010"
"2019-08-29T21:00:00Z","703.31","552.61","9960"
"2019-08-29T22:00:00Z","703.28","551.88","9960"
"2019-08-29T23:00:00Z","703.25","551.25","9880"
"2019-08-30T00:00:00Z","703.23","550.73","9810"
"2019-08-30T01:00:00Z","703.23","548.63","2120"
"2019-08-30T02:00:00Z","703.22","547.52","2120"
"2019-08-30T03:00:00Z","703.22","547.12","2120"
"2019-08-30T04:00:00Z","703.21","546.71","2130"
"2019-08-30T05:00:00Z","703.21","546.41","2130"
"2019-08-30T06:00:00Z","703.20","546.00","2130"
"2019-08-30T07:00:00Z","703.20","545.60","2130"
"2019-08-30T08:00:00Z","703.20","545.50","2130"
"2019-08-30T09:00:00Z","703.20","545.50","2130"
"2019-08-30T10:00:00Z","703.19","549.59","9750"
"2019-08-30T11:00:00Z","703.17","550.87","9880"
"2019-08-30T12:00:00Z","703.14","555.84","21280"
"2019-08-30T13:00:00Z","703.11","557.01","21250"
"2019-08-30T14:00:00Z","703.08","557.78","21490"
"2019-08-30T15:00:00Z","703.05","558.25","21490"
"2019-08-30T16:00:00Z","703.02","558.52","21490"
"2019-08-30T17:00:00Z","702.99","558.69","21650"
"2019-08-30T18:00:00Z","702.96","555.86","10140"
"2019-08-30T19:00:00Z","702.93","554.63","10140"
"2019-08-30T20:00:00Z","702.90","553.60","10090"
"2019-08-30T21:00:00Z","702.88","552.88","10010"
"2019-08-30T22:00:00Z","702.85","552.25","9960"
"2019-08-30T23:00:00Z","702.83","551.73","9960"
"2019-08-31T00:00:00Z","702.81","551.31","9890"
"2019-08-31T01:00:00Z","702.81","548.91","2110"
"2019-08-31T02:00:00Z","702.81","547.81","2120"
"2019-08-31T03:00:00Z","702.81","547.41","2120"
"2019-08-31T04:00:00Z","702.81","546.91","2120"
"2019-08-31T05:00:00Z","702.81","546.31","2130"
"2019-08-31T06:00:00Z","702.81","545.91","2130"
"2019-08-31T07:00:00Z","702.81","545.71","2130"
"2019-08-31T08:00:00Z","702.81","545.61","2130"
"2019-08-31T09:00:00Z","702.81","545.41","2130"
"2019-08-31T10:00:00Z","702.81","545.21","2130"
"2019-08-31T11:00:00Z","702.81","545.11","2130"
"2019-08-31T12:00:00Z","702.79","549.89","9810"
"2019-08-31T13:00:00Z","702.77","550.87","9880"
"2019-08-31T14:00:00Z","702.76","551.36","9960"
"2019-08-31T15:00:00Z","702.76","551.56","9960"
"2019-08-31T16:00:00Z","702.75","551.75","9960"
"2019-08-31T17:00:00Z","702.73","551.93","9960"
"2019-08-31T18:00:00Z","702.71","552.11","9960"
"2019-08-31T19:00:00Z","702.69","552.29","10020"
"2019-08-31T20:00:00Z","702.68","549.88","2110"
"2019-08-31T21:00:00Z","702.67","548.37","2120"
"2019-08-31T22:00:00Z","702.67","547.67","2120"
"2019-08-31T23:00:00Z","702.65","547.15","2120"