"2019-01-01T00:00:00Z","717.80","561.80","23480"
"2019-01-01T01:00:00Z","717.90","561.80","23480"
"2019-01-01T02:00:00Z","718.00","561.80","23480"
"2019-01-01T03:00:00Z","718.10","561.70","23480"
"2019-01-01T04:00:00Z","718.20","561.70","23040"
"2019-01-01T05:00:00Z","718.30","561.00","23040"
"2019-01-01T06:00:00Z","718.40","561.60","23040"
"2019-01-01T07:00:00Z","718.50","561.50","23020"
"2019-01-01T08:00:00Z","718.60","561.50","23020"
"2019-01-01T09:00:00Z","718.70","561.40","23020"
"2019-01-01T10:00:00Z","718.80","561.40","23020"
"2019-01-01T11:00:00Z","718.90","560.00","16020"
"2019-01-01T12:00:00Z","719.00","559.30","16020"
"2019-01-01T13:00:00Z","719.10","558.90","16020"
"2019-01-01T14:00:00Z","719.20","558.60","15940"
"2019-01-01T15:00:00Z","719.30","558.20","15940"
"2019-01-01T16:00:00Z","719.40","557.90","15860"
"2019-01-01T17:00:00Z","719.50","557.70","15860"
"2019-01-01T18:00:00Z","719.60","557.60","15860"
"2019-01-01T19:00:00Z","719.70","557.70","15860"
"2019-01-01T20:00:00Z","719.80","557.50","15860"
"2019-01-01T21:00:00Z","719.90","557.40","15860"
"2019-01-01T22:00:00Z","720.00","557.30","15860"
"2019-01-01T23:00:00Z","720.10","557.20","15860"
"2019-01-02T00:00:00Z","720.20","557.20","15860"
"2019-01-02T01:00:00Z","720.25","557.15","15780"
"2019-01-02T02:00:00Z","720.30","557.10","15780"
"2019-01-02T03:00:00Z","720.35","556.95","15780"
"2019-01-02T04:00:00Z","720.40","556.80","15700"
"2019-01-02T05:00:00Z","720.45","556.75","15700"
"2019-01-02T06:00:00Z","720.50","556.70","15700"
"2019-01-02T07:00:00Z","720.59","556.69","15700"
"2019-01-02T08:00:00Z","720.68","556.68","15700"
"2019-01-02T09:00:00Z","720.73","556.63","15700"
"2019-01-02T10:00:00Z","720.77","557.27","17740"
"2019-01-02T11:00:00Z","720.84","557.44","17860"
"2019-01-02T12:00:00Z","720.90","557.50","17860"
"2019-01-02T13:00:00Z","720.95","557.65","17860"
"2019-01-02T14:00:00Z","721.00","557.60","17860"
"2019-01-02T15:00:00Z","721.03","557.73","17860"
"2019-01-02T16:00:00Z","721.06","557.76","17860"
"2019-01-02T17:00:00Z","721.10","557.70","17860"
"2019-01-02T18:00:00Z","721.14","557.74","17860"
"2019-01-02T19:00:00Z","721.18","557.78","17860"
"2019-01-02T20:00:00Z","721.22","557.72","17740"
"2019-01-02T21:00:00Z","721.26","557.76","17740"
"2019-01-02T22:00:00Z","721.30","557.70","17740"
"2019-01-02T23:00:00Z","721.34","557.74","17740"
"2019-01-03T00:00:00Z","721.38","557.78","17740"
"2019-01-03T01:00:00Z","721.42","557.72","17740"
"2019-01-03T02:00:00Z","721.46","557.76","17740"
"2019-01-03T03:00:00Z","721.50","557.70","17740"
"2019-01-03T04:00:00Z","721.54","557.74","17740"
"2019-01-03T05:00:00Z","721.58","557.78","17740"
"2019-01-03T06:00:00Z","721.62","557.72","17740"
"2019-01-03T07:00:00Z","721.63","557.73","17740"
"2019-01-03T08:00:00Z","721.65","557.75","17740"
"2019-01-03T09:00:00Z","721.70","557.70","17740"
"2019-01-03T10:00:00Z","721.75","557.75","17740"
"2019-01-03T11:00:00Z","721.80","557.80","17740"
"2019-01-03T12:00:00Z","721.85","559.05","17860"
"2019-01-03T13:00:00Z","721.90","560.10","17980"
"2019-01-03T14:00:00Z","721.90","560.40","24420"
"2019-01-03T15:00:00Z","721.92","560.62","24540"
"2019-01-03T16:00:00Z","721.92","560.72","24540"
"2019-01-03T17:00:00Z","721.95","560.75","24540"
"2019-01-03T18:00:00Z","721.97","560.77","24540"
"2019-01-03T19:00:00Z","722.00","561.00","24540"
"2019-01-03T20:00:00Z","722.03","561.03","24540"
"2019-01-03T21:00:00Z","722.06","561.16","24540"
"2019-01-03T22:00:00Z","722.09","561.19","24540"
"2019-01-03T23:00:00Z","722.12","561.12","24540"
"2019-01-04T00:00:00Z","722.15","561.15","24540"
"2019-01-04T01:00:00Z","722.16","560.86","22380"
"2019-01-04T02:00:00Z","722.17","560.67","22300"
"2019-01-04T03:00:00Z","722.18","560.58","22300"
"2019-01-04T04:00:00Z","722.19","560.59","22300"
"2019-01-04T05:00:00Z","722.20","560.50","22300"
"2019-01-04T06:00:00Z","722.21","560.51","22300"
"2019-01-04T07:00:00Z","722.22","560.52","22300"
"2019-01-04T08:00:00Z","722.25","560.55","22300"
"2019-01-04T09:00:00Z","722.27","560.47","22300"
"2019-01-04T10:00:00Z","722.29","560.49","22300"
"2019-01-04T11:00:00Z","722.31","560.51","22300"
"2019-01-04T12:00:00Z","722.34","560.54","22300"
"2019-01-04T13:00:00Z","722.36","560.56","22300"
"2019-01-04T14:00:00Z","722.36","560.56","22300"
"2019-01-04T15:00:00Z","722.38","560.58","22300"
"2019-01-04T16:00:00Z","722.41","560.61","22300"
"2019-01-04T17:00:00Z","722.43","560.63","22300"
"2019-01-04T18:00:00Z","722.45","560.65","22300"
"2019-01-04T19:00:00Z","722.52","560.82","22300"
"2019-01-04T20:00:00Z","722.60","560.90","22300"
"2019-01-04T21:00:00Z","722.68","560.98","22300"
"2019-01-04T22:00:00Z","722.75","560.85","22300"
"2019-01-04T23:00:00Z","722.85","560.85","22300"
"2019-01-05T00:00:00Z","722.95","560.85","22300"
"2019-01-05T01:00:00Z","722.95","560.85","22300"
"2019-01-05T02:00:00Z","723.15","560.92","22300"
"2019-01-05T03:00:00Z","723.21","560.91","22300"
"2019-01-05T04:00:00Z","723.25","560.98","22300"
"2019-01-05T05:00:00Z","723.31","560.95","22340"
"2019-01-05T06:00:00Z","723.34","560.92","22260"
"2019-01-05T07:00:00Z","723.39","560.92","22260"
"2019-01-05T08:00:00Z","723.40","560.92","22260"
"2019-01-05T09:00:00Z","723.43","560.92","22260"
"2019-01-05T10:00:00Z","723.51","560.92","22260"
"2019-01-05T11:00:00Z","723.59","560.92","22260"
"2019-01-05T12:00:00Z","723.67","560.92","22260"
"2019-01-05T13:00:00Z","723.75","560.92","22260"
"2019-01-05T14:00:00Z","723.83","560.92","22260"
"2019-01-05T15:00:00Z","723.90","560.92","22260"
"2019-01-05T16:00:00Z","723.98","560.92","22260"
"2019-01-05T17:00:00Z","724.06","560.92","22260"
"2019-01-05T18:00:00Z","724.14","560.92","22260"
"2019-01-05T19:00:00Z","724.21","560.78","22180"
"2019-01-05T20:00:00Z","724.32","560.77","22180"
"2019-01-05T21:00:00Z","724.48","560.66","22180"
"2019-01-05T22:00:00Z","724.56","560.52","22180"
"2019-01-05T23:00:00Z","724.63","560.48","22180"
"2019-01-06T00:00:00Z","724.74","560.43","22180"
"2019-01-06T01:00:00Z","724.82","560.52","22180"
"2019-01-06T02:00:00Z","724.88","560.48","22180"
"2019-01-06T03:00:00Z","724.93","560.43","22140"
"2019-01-06T04:00:00Z","724.98","560.48","22140"
"2019-01-06T05:00:00Z","725.04","560.44","22140"
"2019-01-06T06:00:00Z","725.10","560.40","22140"
"2019-01-06T07:00:00Z","725.13","560.43","22200"
"2019-01-06T08:00:00Z","725.16","560.46","22200"
"2019-01-06T09:00:00Z","725.19","560.49","22200"
"2019-01-06T10:00:00Z","725.22","560.42","22200"
"2019-01-06T11:00:00Z","725.25","560.45","22200"
"2019-01-06T12:00:00Z","725.28","560.48","22200"
"2019-01-06T13:00:00Z","725.31","560.41","22200"
"2019-01-06T14:00:00Z","725.34","560.44","22200"
"2019-01-06T15:00:00Z","725.37","560.47","22200"
"2019-01-06T16:00:00Z","725.40","560.40","22200"
"2019-01-06T17:00:00Z","725.43","560.43","22200"
"2019-01-06T18:00:00Z","725.46","560.46","22200"
"2019-01-06T19:00:00Z","725.46","560.36","22180"
"2019-01-06T20:00:00Z","725.48","560.38","22180"
"2019-01-06T21:00:00Z","725.54","560.44","22180"
"2019-01-06T22:00:00Z","725.57","560.37","22180"
"2019-01-06T23:00:00Z","725.60","560.40","22180"
"2019-01-07T00:00:00Z","725.63","560.43","22180"
"2019-01-07T01:00:00Z","725.66","560.46","22180"
"2019-01-07T02:00:00Z","725.68","560.48","22180"
"2019-01-07T03:00:00Z","725.70","560.40","22180"
"2019-01-07T04:00:00Z","725.72","560.42","22180"
"2019-01-07T05:00:00Z","725.74","560.44","22180"
"2019-01-07T06:00:00Z","725.76","560.46","22180"
"2019-01-07T07:00:00Z","725.80","560.30","22120"
"2019-01-07T08:00:00Z","725.82","560.32","22120"
"2019-01-07T09:00:00Z","725.84","560.34","22120"
"2019-01-07T10:00:00Z","725.84","560.34","22120"
"2019-01-07T11:00:00Z","725.84","561.04","24930"
"2019-01-07T12:00:00Z","725.84","561.54","27070"
"2019-01-07T13:00:00Z","725.84","561.94","27070"
"2019-01-07T14:00:00Z","725.86","561.96","27120"
"2019-01-07T15:00:00Z","725.88","562.08","27120"
"2019-01-07T16:00:00Z","725.88","562.08","27070"
"2019-01-07T17:00:00Z","725.88","562.08","27070"
"2019-01-07T18:00:00Z","725.88","562.08","27070"
"2019-01-07T19:00:00Z","725.91","562.31","27070"
"2019-01-07T20:00:00Z","725.91","562.41","27070"
"2019-01-07T21:00:00Z","725.91","562.41","27070"
"2019-01-07T22:00:00Z","725.90","562.40","27070"
"2019-01-07T23:00:00Z","725.90","562.40","27070"
"2019-01-08T00:00:00Z","725.90","562.40","27070"
"2019-01-08T01:00:00Z","725.90","562.40","27180"
"2019-01-08T02:00:00Z","725.91","562.51","27260"
"2019-01-08T03:00:00Z","725.91","562.51","27260"
"2019-01-08T04:00:00Z","725.91","562.51","27260"
"2019-01-08T05:00:00Z","725.90","562.50","27260"
"2019-01-08T06:00:00Z","725.90","562.50","27260"
"2019-01-08T07:00:00Z","725.90","562.50","27280"
"2019-01-08T08:00:00Z","725.90","562.50","27280"
"2019-01-08T09:00:00Z","725.90","562.50","27280"
"2019-01-08T10:00:00Z","725.91","562.51","27280"
"2019-01-08T11:00:00Z","725.91","562.51","27280"
"2019-01-08T12:00:00Z","725.89","562.69","27280"
"2019-01-08T13:00:00Z","725.88","562.58","27280"
"2019-01-08T14:00:00Z","725.88","562.58","27280"
"2019-01-08T15:00:00Z","725.85","562.55","27280"
"2019-01-08T16:00:00Z","725.85","562.55","27280"
"2019-01-08T17:00:00Z","725.85","562.55","27280"
"2019-01-08T18:00:00Z","725.83","562.53","27280"
"2019-01-08T19:00:00Z","725.81","562.51","27280"
"2019-01-08T20:00:00Z","725.79","562.49","27090"
"2019-01-08T21:00:00Z","725.78","562.48","27090"
"2019-01-08T22:00:00Z","725.76","562.56","27090"
"2019-01-08T23:00:00Z","725.75","562.55","27090"
"2019-01-09T00:00:00Z","725.74","562.54","27090"
"2019-01-09T01:00:00Z","725.74","562.44","27090"
"2019-01-09T02:00:00Z","725.73","562.43","27090"
"2019-01-09T03:00:00Z","725.73","562.43","27090"
"2019-01-09T04:00:00Z","725.71","562.41","27090"
"2019-01-09T05:00:00Z","725.70","562.40","27090"
"2019-01-09T06:00:00Z","725.68","562.40","27090"
"2019-01-09T07:00:00Z","725.66","562.36","27090"
"2019-01-09T08:00:00Z","725.63","562.33","27090"
"2019-01-09T09:00:00Z","725.60","562.40","27090"
"2019-01-09T10:00:00Z","725.60","562.40","27090"
"2019-01-09T11:00:00Z","725.58","562.38","27090"
"2019-01-09T12:00:00Z","725.58","562.38","27090"
"2019-01-09T13:00:00Z","725.56","562.36","27090"
"2019-01-09T14:00:00Z","725.54","562.04","22240"
"2019-01-09T15:00:00Z","725.52","561.62","22240"
"2019-01-09T16:00:00Z","725.50","561.30","22240"
"2019-01-09T17:00:00Z","725.50","561.20","22240"
"2019-01-09T18:00:00Z","725.48","561.08","22240"
"2019-01-09T19:00:00Z","725.46","560.96","22180"
"2019-01-09T20:00:00Z","725.44","560.84","22180"
"2019-01-09T21:00:00Z","725.42","560.72","22180"
"2019-01-09T22:00:00Z","725.40","560.60","22180"
"2019-01-09T23:00:00Z","725.39","560.59","22180"
"2019-01-10T00:00:00Z","725.38","560.48","22180"
"2019-01-10T01:00:00Z","725.37","560.47","22180"
"2019-01-10T02:00:00Z","725.36","560.46","22180"
"2019-01-10T03:00:00Z","725.35","560.45","22180"
"2019-01-10T04:00:00Z","725.34","560.34","22180"
"2019-01-10T05:00:00Z","725.33","560.33","22180"
"2019-01-10T06:00:00Z","725.32","560.32","22180"
"2019-01-10T07:00:00Z","725.31","560.41","22180"
"2019-01-10T08:00:00Z","725.30","560.40","22180"
"2019-01-10T09:00:00Z","725.29","560.39","22180"
"2019-01-10T10:00:00Z","725.27","560.27","22180"
"2019-01-10T11:00:00Z","725.25","560.35","22180"
"2019-01-10T12:00:00Z","725.23","560.33","22180"
"2019-01-10T13:00:00Z","725.21","560.31","22180"
"2019-01-10T14:00:00Z","725.19","560.39","22180"
"2019-01-10T15:00:00Z","725.17","560.37","22180"
"2019-01-10T16:00:00Z","725.15","560.35","22180"
"2019-01-10T17:00:00Z","725.13","560.33","22180"
"2019-01-10T18:00:00Z","725.11","560.31","22180"
"2019-01-10T19:00:00Z","725.10","560.40","22180"
"2019-01-10T20:00:00Z","725.09","560.49","22180"
"2019-01-10T21:00:00Z","725.08","560.48","22180"
"2019-01-10T22:00:00Z","725.07","560.47","22180"
"2019-01-10T23:00:00Z","725.06","560.46","22180"
"2019-01-11T00:00:00Z","725.05","560.45","22180"
"2019-01-11T01:00:00Z","725.03","560.33","22180"
"2019-01-11T02:00:00Z","725.01","560.31","22180"
"2019-01-11T03:00:00Z","724.99","560.29","22180"
"2019-01-11T04:00:00Z","724.97","560.27","22180"
"2019-01-11T05:00:00Z","724.95","560.25","22180"
"2019-01-11T06:00:00Z","724.93","560.23","22180"
"2019-01-11T07:00:00Z","724.91","560.21","22180"
"2019-01-11T08:00:00Z","724.89","560.29","22180"
"2019-01-11T09:00:00Z","724.87","560.20","22180"
"2019-01-11T10:00:00Z","724.85","560.25","22180"
"2019-01-11T11:00:00Z","724.83","560.23","22180"
"2019-01-11T12:00:00Z","724.81","560.21","22180"
"2019-01-11T13:00:00Z","724.79","560.29","22180"
"2019-01-11T14:00:00Z","724.77","560.27","22180"
"2019-01-11T15:00:00Z","724.75","560.35","22220"
"2019-01-11T16:00:00Z","724.73","560.33","22220"
"2019-01-11T17:00:00Z","724.71","560.31","22220"
"2019-01-11T18:00:00Z","724.69","560.39","22180"
"2019-01-11T19:00:00Z","724.67","560.37","22180"
"2019-01-11T20:00:00Z","724.65","560.35","22180"
"2019-01-11T21:00:00Z","724.63","560.33","22180"
"2019-01-11T22:00:00Z","724.60","560.30","22180"
"2019-01-11T23:00:00Z","724.57","560.27","22180"
"2019-01-12T00:00:00Z","724.54","560.24","22180"
"2019-01-12T01:00:00Z","724.52","560.32","22180"
"2019-01-12T02:00:00Z","724.50","560.30","22180"
"2019-01-12T03:00:00Z","724.48","560.38","22180"
"2019-01-12T04:00:00Z","724.46","560.36","22180"
"2019-01-12T05:00:00Z","724.44","560.34","22180"
"2019-01-12T06:00:00Z","724.42","560.32","22180"
"2019-01-12T07:00:00Z","724.40","560.30","22180"
"2019-01-12T08:00:00Z","724.38","560.28","22180"
"2019-01-12T09:00:00Z","724.36","560.36","22180"
"2019-01-12T10:00:00Z","724.34","560.34","22180"
"2019-01-12T11:00:00Z","724.32","560.32","22180"
"2019-01-12T12:00:00Z","724.30","560.30","22180"
"2019-01-12T13:00:00Z","724.26","560.26","22180"
"2019-01-12T14:00:00Z","724.23","560.33","22180"
"2019-01-12T15:00:00Z","724.20","560.30","22180"
"2019-01-12T16:00:00Z","724.20","560.30","22180"
"2019-01-12T17:00:00Z","724.19","560.29","22180"
"2019-01-12T18:00:00Z","724.18","560.28","22180"
"2019-01-12T19:00:00Z","724.15","560.35","22180"
"2019-01-12T20:00:00Z","724.12","560.32","22180"
"2019-01-12T21:00:00Z","724.09","560.39","22180"
"2019-01-12T22:00:00Z","724.06","560.36","22180"
"2019-01-12T23:00:00Z","724.03","560.33","22180"
"2019-01-13T00:00:00Z","724.00","560.30","22180"
"2019-01-13T01:00:00Z","723.98","560.38","22180"
"2019-01-13T02:00:00Z","723.96","560.36","22180"
"2019-01-13T03:00:00Z","723.94","560.34","22180"
"2019-01-13T04:00:00Z","723.92","560.32","22180"
"2019-01-13T05:00:00Z","723.90","560.30","22180"
"2019-01-13T06:00:00Z","723.88","560.38","22180"
"2019-01-13T07:00:00Z","723.86","560.36","22180"
"2019-01-13T08:00:00Z","723.84","560.34","22180"
"2019-01-13T09:00:00Z","723.82","560.32","22180"
"2019-01-13T10:00:00Z","723.80","560.30","22180"
"2019-01-13T11:00:00Z","723.78","560.28","22180"
"2019-01-13T12:00:00Z","723.76","560.36","22260"
"2019-01-13T13:00:00Z","723.74","560.34","22260"
"2019-01-13T14:00:00Z","723.70","560.30","22260"
"2019-01-13T15:00:00Z","723.68","560.38","22260"
"2019-01-13T16:00:00Z","723.66","560.36","22260"
"2019-01-13T17:00:00Z","723.64","560.44","22260"
"2019-01-13T18:00:00Z","723.62","560.42","22260"
"2019-01-13T19:00:00Z","723.60","560.40","22260"
"2019-01-13T20:00:00Z","723.58","560.48","22260"
"2019-01-13T21:00:00Z","723.56","560.46","22260"
"2019-01-13T22:00:00Z","723.54","560.44","22260"
"2019-01-13T23:00:00Z","723.53","560.43","22260"
"2019-01-14T00:00:00Z","723.51","560.41","22260"
"2019-01-14T01:00:00Z","723.49","560.49","22260"
"2019-01-14T02:00:00Z","723.47","560.47","22260"
"2019-01-14T03:00:00Z","723.45","560.45","22260"
"2019-01-14T04:00:00Z","723.43","560.43","22260"
"2019-01-14T05:00:00Z","723.41","560.41","22260"
"2019-01-14T06:00:00Z","723.39","560.49","22260"
"2019-01-14T07:00:00Z","723.39","560.39","22260"
"2019-01-14T08:00:00Z","723.38","560.38","22260"
"2019-01-14T09:00:00Z","723.37","560.37","22260"
"2019-01-14T10:00:00Z","723.35","560.35","22260"
"2019-01-14T11:00:00Z","723.32","560.32","22260"
"2019-01-14T12:00:00Z","723.30","560.30","22260"
"2019-01-14T13:00:00Z","723.27","560.27","22260"
"2019-01-14T14:00:00Z","723.24","560.34","22260"
"2019-01-14T15:00:00Z","723.22","560.32","22260"
"2019-01-14T16:00:00Z","723.20","560.30","22260"
"2019-01-14T17:00:00Z","723.19","560.29","22260"
"2019-01-14T18:00:00Z","723.18","560.28","22260"
"2019-01-14T19:00:00Z","723.16","560.26","22260"
"2019-01-14T20:00:00Z","723.14","560.24","22260"
"2019-01-14T21:00:00Z","723.12","560.22","22260"
"2019-01-14T22:00:00Z","723.10","560.30","22260"
"2019-01-14T23:00:00Z","723.08","560.38","22260"
"2019-01-15T00:00:00Z","723.06","560.36","22260"
"2019-01-15T01:00:00Z","723.04","560.34","22260"
"2019-01-15T02:00:00Z","723.02","560.32","22260"
"2019-01-15T03:00:00Z","723.00","560.30","22260"
"2019-01-15T04:00:00Z","722.98","560.38","22260"
"2019-01-15T05:00:00Z","722.96","560.36","22260"
"2019-01-15T06:00:00Z","722.94","560.34","22260"
"2019-01-15T07:00:00Z","722.92","560.32","22260"
"2019-01-15T08:00:00Z","722.90","560.30","22260"
"2019-01-15T09:00:00Z","722.88","560.38","22260"
"2019-01-15T10:00:00Z","722.86","560.36","22260"
"2019-01-15T11:00:00Z","722.84","560.34","22260"
"2019-01-15T12:00:00Z","722.82","560.32","22260"
"2019-01-15T13:00:00Z","722.80","560.40","22340"
"2019-01-15T14:00:00Z","722.78","560.38","22340"
"2019-01-15T15:00:00Z","722.76","560.36","22340"
"2019-01-15T16:00:00Z","722.74","560.34","22340"
"2019-01-15T17:00:00Z","722.72","560.32","22340"
"2019-01-15T18:00:00Z","722.70","560.40","22340"
"2019-01-15T19:00:00Z","722.68","560.38","22300"
"2019-01-15T20:00:00Z","722.66","560.36","22300"
"2019-01-15T21:00:00Z","722.64","560.34","22300"
"2019-01-15T22:00:00Z","722.61","560.31","22300"
"2019-01-15T23:00:00Z","722.58","560.38","22300"
"2019-01-16T00:00:00Z","722.55","560.35","22300"
"2019-01-16T01:00:00Z","722.53","560.33","22300"
"2019-01-16T02:00:00Z","722.51","560.31","22300"
"2019-01-16T03:00:00Z","722.49","560.39","22300"
"2019-01-16T04:00:00Z","722.47","560.37","22300"
"2019-01-16T05:00:00Z","722.45","560.35","22300"
"2019-01-16T06:00:00Z","722.43","560.33","22300"
"2019-01-16T07:00:00Z","722.40","560.30","22300"
"2019-01-16T08:00:00Z","722.37","560.37","22300"
"2019-01-16T09:00:00Z","722.34","560.34","22300"
"2019-01-16T10:00:00Z","722.32","560.32","22300"
"2019-01-16T11:00:00Z","722.30","560.30","22300"
"2019-01-16T12:00:00Z","722.28","560.38","22300"
"2019-01-16T13:00:00Z","722.26","560.46","22300"
"2019-01-16T14:00:00Z","722.24","560.44","22300"
"2019-01-16T15:00:00Z","722.22","560.42","22300"
"2019-01-16T16:00:00Z","722.20","560.40","22300"
"2019-01-16T17:00:00Z","722.18","560.48","22300"
"2019-01-16T18:00:00Z","722.16","560.46","22300"
"2019-01-16T19:00:00Z","722.12","560.42","22300"
"2019-01-16T20:00:00Z","722.09","560.39","22300"
"2019-01-16T21:00:00Z","722.09","560.39","22300"
"2019-01-16T22:00:00Z","722.07","560.37","22300"
"2019-01-16T23:00:00Z","722.07","560.37","22300"
"2019-01-17T00:00:00Z","722.05","560.35","22300"
"2019-01-17T01:00:00Z","722.00","560.40","22300"
"2019-01-17T02:00:00Z","721.98","560.38","22300"
"2019-01-17T03:00:00Z","721.97","560.37","22300"
"2019-01-17T04:00:00Z","721.95","560.35","22300"
"2019-01-17T05:00:00Z","721.91","560.41","22380"
"2019-01-17T06:00:00Z","721.88","560.38","22380"
"2019-01-17T07:00:00Z","721.86","560.46","22400"
"2019-01-17T08:00:00Z","721.84","560.44","22400"
"2019-01-17T09:00:00Z","721.82","560.42","22400"
"2019-01-17T10:00:00Z","721.80","560.40","22400"
"2019-01-17T11:00:00Z","721.78","560.48","22400"
"2019-01-17T12:00:00Z","721.76","560.46","22400"
"2019-01-17T13:00:00Z","721.74","560.44","22400"
"2019-01-17T14:00:00Z","721.72","560.42","22400"
"2019-01-17T15:00:00Z","721.70","559.00","22240"
"2019-01-17T16:00:00Z","721.68","558.18","22160"
"2019-01-17T17:00:00Z","721.66","557.86","22160"
"2019-01-17T18:00:00Z","721.64","557.54","22160"
"2019-01-17T19:00:00Z","721.64","557.34","15700"
"2019-01-17T20:00:00Z","721.64","557.14","15700"
"2019-01-17T21:00:00Z","721.64","557.04","15660"
"2019-01-17T22:00:00Z","721.63","556.93","15660"
"2019-01-17T23:00:00Z","721.62","556.82","15660"
"2019-01-18T00:00:00Z","721.62","556.82","15660"
"2019-01-18T01:00:00Z","721.61","556.91","15680"
"2019-01-18T02:00:00Z","721.61","556.61","15680"
"2019-01-18T03:00:00Z","721.61","556.61","15680"
"2019-01-18T04:00:00Z","721.60","556.70","15680"
"2019-01-18T05:00:00Z","721.58","556.68","15680"
"2019-01-18T06:00:00Z","721.57","556.67","15680"
"2019-01-18T07:00:00Z","721.56","556.66","15660"
"2019-01-18T08:00:00Z","721.55","556.65","15660"
"2019-01-18T09:00:00Z","721.54","556.64","15660"
"2019-01-18T10:00:00Z","721.53","556.63","15660"
"2019-01-18T11:00:00Z","721.52","556.91","17620"
"2019-01-18T12:00:00Z","721.51","557.21","17740"
"2019-01-18T13:00:00Z","721.50","557.20","17740"
"2019-01-18T14:00:00Z","721.49","557.39","17740"
"2019-01-18T15:00:00Z","721.48","557.38","17740"
"2019-01-18T16:00:00Z","721.47","557.47","17740"
"2019-01-18T17:00:00Z","721.46","557.56","17740"
"2019-01-18T18:00:00Z","721.45","557.55","17740"
"2019-01-18T19:00:00Z","721.43","557.43","17740"
"2019-01-18T20:00:00Z","721.41","557.51","17740"
"2019-01-18T21:00:00Z","721.40","557.50","17740"
"2019-01-18T22:00:00Z","721.37","557.57","17740"
"2019-01-18T23:00:00Z","721.37","557.57","17740"
"2019-01-19T00:00:00Z","721.36","557.56","17740"
"2019-01-19T01:00:00Z","721.35","557.55","17740"
"2019-01-19T02:00:00Z","721.35","557.55","17740"
"2019-01-19T03:00:00Z","721.33","557.53","17740"
"2019-01-19T04:00:00Z","721.31","557.51","17740"
"2019-01-19T05:00:00Z","721.28","557.58","17740"
"2019-01-19T06:00:00Z","721.26","557.56","17740"
"2019-01-19T07:00:00Z","721.27","557.57","17740"
"2019-01-19T08:00:00Z","721.28","557.58","17740"
"2019-01-19T09:00:00Z","721.28","557.68","17740"
"2019-01-19T10:00:00Z","721.28","557.68","17740"
"2019-01-19T11:00:00Z","721.29","557.69","17740"
"2019-01-19T12:00:00Z","721.29","557.69","17740"
"2019-01-19T13:00:00Z","721.31","557.71","17740"
"2019-01-19T14:00:00Z","721.34","557.84","17740"
"2019-01-19T15:00:00Z","721.37","557.97","17860"
"2019-01-19T16:00:00Z","721.47","558.27","17860"
"2019-01-19T17:00:00Z","721.55","558.35","17860"
"2019-01-19T18:00:00Z","721.60","558.30","17860"
"2019-01-19T19:00:00Z","721.70","558.50","17860"
"2019-01-19T20:00:00Z","721.80","558.50","17860"
"2019-01-19T21:00:00Z","721.90","558.60","17860"
"2019-01-19T22:00:00Z","722.00","558.60","17860"
"2019-01-19T23:00:00Z","722.10","558.50","17740"
"2019-01-20T00:00:00Z","722.20","558.50","17740"
"2019-01-20T01:00:00Z","722.30","558.50","17740"
"2019-01-20T02:00:00Z","722.44","558.44","17740"
"2019-01-20T03:00:00Z","722.55","558.45","17740"
"2019-01-20T04:00:00Z","722.67","558.37","17740"
"2019-01-20T05:00:00Z","722.80","558.30","17740"
"2019-01-20T06:00:00Z","722.92","558.22","17620"
"2019-01-20T07:00:00Z","723.00","558.00","17620"
"2019-01-20T08:00:00Z","723.10","558.00","17620"
"2019-01-20T09:00:00Z","723.20","558.00","17620"
"2019-01-20T10:00:00Z","723.30","558.00","17620"
"2019-01-20T11:00:00Z","723.40","558.00","17620"
"2019-01-20T12:00:00Z","723.50","558.00","17500"
"2019-01-20T13:00:00Z","723.60","558.00","17500"
"2019-01-20T14:00:00Z","723.70","558.00","17500"
"2019-01-20T15:00:00Z","723.80","558.00","17500"
"2019-01-20T16:00:00Z","723.90","558.00","17500"
"2019-01-20T17:00:00Z","724.00","558.00","17500"
"2019-01-20T18:00:00Z","724.10","558.00","17500"
"2019-01-20T19:00:00Z","724.20","557.90","17500"
"2019-01-20T20:00:00Z","724.31","557.91","17500"
"2019-01-20T21:00:00Z","724.42","557.92","17380"
"2019-01-20T22:00:00Z","724.51","557.81","17380"
"2019-01-20T23:00:00Z","724.60","557.80","17380"
"2019-01-21T00:00:00Z","724.69","557.79","17380"
"2019-01-21T01:00:00Z","724.75","557.65","17380"
"2019-01-21T02:00:00Z","724.81","557.61","17380"
"2019-01-21T03:00:00Z","724.87","557.57","17380"
"2019-01-21T04:00:00Z","724.93","557.53","17380"
"2019-01-21T05:00:00Z","724.99","557.49","17260"
"2019-01-21T06:00:00Z","725.05","557.45","17260"
"2019-01-21T07:00:00Z","725.11","557.51","17260"
"2019-01-21T08:00:00Z","725.16","557.46","17260"
"2019-01-21T09:00:00Z","725.21","557.51","17260"
"2019-01-21T10:00:00Z","725.26","557.46","17260"
"2019-01-21T11:00:00Z","725.31","557.41","17260"
"2019-01-21T12:00:00Z","725.38","557.48","17260"
"2019-01-21T13:00:00Z","725.43","557.43","17260"
"2019-01-21T14:00:00Z","725.48","557.48","17260"
"2019-01-21T15:00:00Z","725.53","557.43","17260"
"2019-01-21T16:00:00Z","725.58","557.48","17260"
"2019-01-21T17:00:00Z","725.62","557.42","17260"
"2019-01-21T18:00:00Z","725.66","557.46","17260"
"2019-01-21T19:00:00Z","725.69","557.39","17260"
"2019-01-21T20:00:00Z","725.72","557.32","17260"
"2019-01-21T21:00:00Z","725.75","557.35","17260"
"2019-01-21T22:00:00Z","725.78","557.38","17260"
"2019-01-21T23:00:00Z","725.81","557.31","17140"
"2019-01-22T00:00:00Z","725.84","557.34","17140"
"2019-01-22T01:00:00Z","725.87","557.37","17140"
"2019-01-22T02:00:00Z","725.90","557.30","17140"
"2019-01-22T03:00:00Z","725.93","557.33","17140"
"2019-01-22T04:00:00Z","725.96","557.36","17140"
"2019-01-22T05:00:00Z","725.99","557.39","17140"
"2019-01-22T06:00:00Z","726.02","557.32","17140"
"2019-01-22T07:00:00Z","726.05","557.35","17140"
"2019-01-22T08:00:00Z","726.08","557.38","17140"
"2019-01-22T09:00:00Z","726.11","557.31","17140"
"2019-01-22T10:00:00Z","726.14","557.34","17140"
"2019-01-22T11:00:00Z","726.17","557.37","17140"
"2019-01-22T12:00:00Z","726.21","557.31","17140"
"2019-01-22T13:00:00Z","726.23","557.33","17140"
"2019-01-22T14:00:00Z","726.25","557.35","17140"
"2019-01-22T15:00:00Z","726.26","557.36","17140"
"2019-01-22T16:00:00Z","726.28","557.38","17140"
"2019-01-22T17:00:00Z","726.29","557.39","17140"
"2019-01-22T18:00:00Z","726.30","557.30","17140"
"2019-01-22T19:00:00Z","726.31","557.21","17140"
"2019-01-22T20:00:00Z","726.32","557.22","17140"
"2019-01-22T21:00:00Z","726.33","557.23","17140"
"2019-01-22T22:00:00Z","726.34","557.24","17140"
"2019-01-22T23:00:00Z","726.35","557.25","17140"
"2019-01-23T00:00:00Z","726.36","557.26","17140"
"2019-01-23T01:00:00Z","726.38","557.18","17140"
"2019-01-23T02:00:00Z","726.40","557.10","17140"
"2019-01-23T03:00:00Z","726.42","557.12","17140"
"2019-01-23T04:00:00Z","726.44","557.14","17140"
"2019-01-23T05:00:00Z","726.46","557.16","17140"
"2019-01-23T06:00:00Z","726.48","557.18","17140"
"2019-01-23T07:00:00Z","726.48","557.18","17140"
"2019-01-23T08:00:00Z","726.48","557.18","17140"
"2019-01-23T09:00:00Z","726.47","557.17","17140"
"2019-01-23T10:00:00Z","726.47","557.17","17140"
"2019-01-23T11:00:00Z","726.47","557.17","17140"
"2019-01-23T12:00:00Z","726.49","557.19","17140"
"2019-01-23T13:00:00Z","726.50","557.20","17140"
"2019-01-23T14:00:00Z","726.51","557.21","17140"
"2019-01-23T15:00:00Z","726.52","557.22","17140"
"2019-01-23T16:00:00Z","726.52","557.22","17140"
"2019-01-23T17:00:00Z","726.52","557.22","17140"
"2019-01-23T18:00:00Z","726.52","557.22","17140"
"2019-01-23T19:00:00Z","726.54","557.56","17140"
"2019-01-23T20:00:00Z","726.54","557.54","17140"
"2019-01-23T21:00:00Z","726.56","557.26","17140"
"2019-01-23T22:00:00Z","726.58","557.26","17140"
"2019-01-23T23:00:00Z","726.58","557.26","17140"
"2019-01-24T00:00:00Z","726.62","557.28","17140"
"2019-01-24T01:00:00Z","726.70","557.20","17100"
"2019-01-24T02:00:00Z","726.75","557.25","17100"
"2019-01-24T03:00:00Z","726.85","557.25","17100"
"2019-01-24T04:00:00Z","726.95","557.25","17100"
"2019-01-24T05:00:00Z","727.05","557.35","17100"
"2019-01-24T06:00:00Z","727.15","557.45","17100"
"2019-01-24T07:00:00Z","727.36","557.46","17100"
"2019-01-24T08:00:00Z","727.47","558.47","20420"
"2019-01-24T09:00:00Z","727.56","559.66","23860"
"2019-01-24T10:00:00Z","727.64","560.04","23820"
"2019-01-24T11:00:00Z","727.77","560.67","25880"
"2019-01-24T12:00:00Z","727.89","561.39","28016"
"2019-01-24T13:00:00Z","728.00","561.80","28060"
"2019-01-24T14:00:00Z","728.10","562.60","30260"
"2019-01-24T15:00:00Z","728.20","563.00","30320"
"2019-01-24T16:00:00Z","728.30","563.00","30280"
"2019-01-24T17:00:00Z","728.40","563.00","27870"
"2019-01-24T18:00:00Z","728.50","562.90","27870"
"2019-01-24T19:00:00Z","728.60","562.80","27870"
"2019-01-24T20:00:00Z","728.70","562.80","27880"
"2019-01-24T21:00:00Z","728.80","562.70","27880"
"2019-01-24T22:00:00Z","728.90","562.70","27960"
"2019-01-24T23:00:00Z","728.95","562.65","27960"
"2019-01-25T00:00:00Z","729.00","562.60","27960"
"2019-01-25T01:00:00Z","729.10","562.70","27960"
"2019-01-25T02:00:00Z","729.20","562.80","27960"
"2019-01-25T03:00:00Z","729.30","562.90","27960"
"2019-01-25T04:00:00Z","729.40","563.00","27960"
"2019-01-25T05:00:00Z","729.50","563.00","28050"
"2019-01-25T06:00:00Z","729.50","563.00","28050"
"2019-01-25T07:00:00Z","729.54","563.04","28170"
"2019-01-25T08:00:00Z","729.61","562.71","26280"
"2019-01-25T09:00:00Z","729.64","562.64","26280"
"2019-01-25T10:00:00Z","729.70","562.50","26280"
"2019-01-25T11:00:00Z","729.75","562.55","26280"
"2019-01-25T12:00:00Z","729.80","562.50","26300"
"2019-01-25T13:00:00Z","729.83","562.53","26300"
"2019-01-25T14:00:00Z","729.88","562.58","26300"
"2019-01-25T15:00:00Z","729.92","562.52","26340"
"2019-01-25T16:00:00Z","729.95","562.55","26340"
"2019-01-25T17:00:00Z","729.99","562.59","26340"
"2019-01-25T18:00:00Z","730.03","562.53","26360"
"2019-01-25T19:00:00Z","730.10","562.50","26360"
"2019-01-25T20:00:00Z","730.15","562.55","26360"
"2019-01-25T21:00:00Z","730.20","562.50","26360"
"2019-01-25T22:00:00Z","730.25","562.55","26360"
"2019-01-25T23:00:00Z","730.30","562.50","26360"
"2019-01-26T00:00:00Z","730.35","562.55","26360"
"2019-01-26T01:00:00Z","730.35","562.45","26360"
"2019-01-26T02:00:00Z","730.35","562.45","26360"
"2019-01-26T03:00:00Z","730.35","562.45","26360"
"2019-01-26T04:00:00Z","730.36","562.45","26360"
"2019-01-26T05:00:00Z","730.36","562.46","26360"
"2019-01-26T06:00:00Z","730.37","562.47","26360"
"2019-01-26T07:00:00Z","730.38","562.38","26440"
"2019-01-26T08:00:00Z","730.39","562.39","26440"
"2019-01-26T09:00:00Z","730.40","562.30","26440"
"2019-01-26T10:00:00Z","730.41","562.31","26440"
"2019-01-26T11:00:00Z","730.42","562.32","26440"
"2019-01-26T12:00:00Z","730.43","562.33","26440"
"2019-01-26T13:00:00Z","730.44","562.34","26440"
"2019-01-26T14:00:00Z","730.45","562.35","26440"
"2019-01-26T15:00:00Z","730.46","562.36","26440"
"2019-01-26T16:00:00Z","730.47","562.37","26440"
"2019-01-26T17:00:00Z","730.48","562.38","26440"
"2019-01-26T18:00:00Z","730.49","562.39","26440"
"2019-01-26T19:00:00Z","730.51","562.31","26440"
"2019-01-26T20:00:00Z","730.53","562.33","26440"
"2019-01-26T21:00:00Z","730.55","562.35","26440"
"2019-01-26T22:00:00Z","730.57","562.37","26440"
"2019-01-26T23:00:00Z","730.59","562.39","26440"
"2019-01-27T00:00:00Z","730.61","562.31","26440"
"2019-01-27T01:00:00Z","730.61","562.31","26440"
"2019-01-27T02:00:00Z","730.61","562.31","26440"
"2019-01-27T03:00:00Z","730.61","562.31","26440"
"2019-01-27T04:00:00Z","730.62","562.32","26440"
"2019-01-27T05:00:00Z","730.62","562.32","26440"
"2019-01-27T06:00:00Z","730.63","562.33","26440"
"2019-01-27T07:00:00Z","730.63","562.23","26400"
"2019-01-27T08:00:00Z","730.63","562.23","26400"
"2019-01-27T09:00:00Z","730.63","562.23","26400"
"2019-01-27T10:00:00Z","730.62","562.22","26400"
"2019-01-27T11:00:00Z","730.62","562.22","26400"
"2019-01-27T12:00:00Z","730.62","562.22","26400"
"2019-01-27T13:00:00Z","730.61","562.11","26280"
"2019-01-27T14:00:00Z","730.61","562.11","26280"
"2019-01-27T15:00:00Z","730.61","562.11","26280"
"2019-01-27T16:00:00Z","730.60","562.00","26280"
"2019-01-27T17:00:00Z","730.60","562.00","26280"
"2019-01-27T18:00:00Z","730.60","562.00","26280"
"2019-01-27T19:00:00Z","730.60","562.30","26360"
"2019-01-27T20:00:00Z","730.60","562.30","26360"
"2019-01-27T21:00:00Z","730.60","562.20","26360"
"2019-01-27T22:00:00Z","730.60","562.20","26360"
"2019-01-27T23:00:00Z","730.59","562.29","26360"
"2019-01-28T00:00:00Z","730.58","562.28","26360"
"2019-01-28T01:00:00Z","730.58","562.28","26360"
"2019-01-28T02:00:00Z","730.57","562.27","26360"
"2019-01-28T03:00:00Z","730.56","562.26","26360"
"2019-01-28T04:00:00Z","730.56","562.26","26360"
"2019-01-28T05:00:00Z","730.54","562.24","26360"
"2019-01-28T06:00:00Z","730.52","562.22","26360"
"2019-01-28T07:00:00Z","730.52","562.22","26340"
"2019-01-28T08:00:00Z","730.51","562.21","26340"
"2019-01-28T09:00:00Z","730.49","562.29","26340"
"2019-01-28T10:00:00Z","730.48","562.28","26340"
"2019-01-28T11:00:00Z","730.48","562.28","26340"
"2019-01-28T12:00:00Z","730.47","562.18","26200"
"2019-01-28T13:00:00Z","730.47","562.07","26200"
"2019-01-28T14:00:00Z","730.47","562.07","26200"
"2019-01-28T15:00:00Z","730.46","561.96","26200"
"2019-01-28T16:00:00Z","730.45","561.95","26100"
"2019-01-28T17:00:00Z","730.44","561.94","26100"
"2019-01-28T18:00:00Z","730.43","561.93","26100"
"2019-01-28T19:00:00Z","730.41","561.91","26100"
"2019-01-28T20:00:00Z","730.37","561.87","26100"
"2019-01-28T21:00:00Z","730.37","561.87","26100"
"2019-01-28T22:00:00Z","730.34","561.84","26100"
"2019-01-28T23:00:00Z","730.33","561.83","26100"
"2019-01-29T00:00:00Z","730.30","561.80","26100"
"2019-01-29T01:00:00Z","730.30","561.80","26100"
"2019-01-29T02:00:00Z","730.29","561.79","26100"
"2019-01-29T03:00:00Z","730.28","561.78","26100"
"2019-01-29T04:00:00Z","730.27","561.77","26100"
"2019-01-29T05:00:00Z","730.25","561.75","26100"
"2019-01-29T06:00:00Z","730.23","561.73","26100"
"2019-01-29T07:00:00Z","730.21","561.71","26020"
"2019-01-29T08:00:00Z","730.19","561.79","26020"
"2019-01-29T09:00:00Z","730.17","561.77","26020"
"2019-01-29T10:00:00Z","730.15","561.75","25920"
"2019-01-29T11:00:00Z","730.13","561.73","25920"
"2019-01-29T12:00:00Z","730.11","561.71","25920"
"2019-01-29T13:00:00Z","730.09","561.79","25920"
"2019-01-29T14:00:00Z","730.07","561.77","25920"
"2019-01-29T15:00:00Z","730.05","561.75","25920"
"2019-01-29T16:00:00Z","730.02","561.73","25920"
"2019-01-29T17:00:00Z","729.99","561.79","25920"
"2019-01-29T18:00:00Z","729.97","561.77","25920"
"2019-01-29T19:00:00Z","729.92","561.62","25780"
"2019-01-29T20:00:00Z","729.88","561.68","25780"
"2019-01-29T21:00:00Z","729.88","561.68","25780"
"2019-01-29T22:00:00Z","729.86","561.66","25780"
"2019-01-29T23:00:00Z","729.83","561.63","25780"
"2019-01-30T00:00:00Z","729.79","561.69","25780"
"2019-01-30T01:00:00Z","729.77","561.67","25780"
"2019-01-30T02:00:00Z","729.75","561.65","25780"
"2019-01-30T03:00:00Z","729.73","561.63","25780"
"2019-01-30T04:00:00Z","729.70","561.60","25780"
"2019-01-30T05:00:00Z","729.67","561.57","25780"
"2019-01-30T06:00:00Z","729.65","561.55","25780"
"2019-01-30T07:00:00Z","729.62","561.52","25640"
"2019-01-30T08:00:00Z","729.59","561.59","25640"
"2019-01-30T09:00:00Z","729.56","561.56","25640"
"2019-01-30T10:00:00Z","729.53","561.53","25600"
"2019-01-30T11:00:00Z","729.50","561.50","25600"
"2019-01-30T12:00:00Z","729.47","561.57","25600"
"2019-01-30T13:00:00Z","729.47","561.47","25600"
"2019-01-30T14:00:00Z","729.46","561.46","25600"
"2019-01-30T15:00:00Z","729.45","562.35","29080"
"2019-01-30T16:00:00Z","729.43","562.53","29080"
"2019-01-30T17:00:00Z","729.40","562.60","28980"
"2019-01-30T18:00:00Z","729.38","562.78","28980"
"2019-01-30T19:00:00Z","729.36","562.86","28980"
"2019-01-30T20:00:00Z","729.34","562.84","28880"
"2019-01-30T21:00:00Z","729.32","562.92","29000"
"2019-01-30T22:00:00Z","729.30","563.00","29000"
"2019-01-30T23:00:00Z","729.28","563.08","29000"
"2019-01-31T00:00:00Z","729.26","563.06","29000"
"2019-01-31T01:00:00Z","729.24","563.04","28900"
"2019-01-31T02:00:00Z","729.22","563.02","28900"
"2019-01-31T03:00:00Z","729.20","563.00","28900"
"2019-01-31T04:00:00Z","729.18","563.08","28900"
"2019-01-31T05:00:00Z","729.15","563.05","28900"
"2019-01-31T06:00:00Z","729.11","563.01","28800"
"2019-01-31T07:00:00Z","729.08","563.08","28800"
"2019-01-31T08:00:00Z","729.05","563.05","28800"
"2019-01-31T09:00:00Z","729.03","563.13","28800"
"2019-01-31T10:00:00Z","729.01","563.11","28800"
"2019-01-31T11:00:00Z","728.98","563.08","28800"
"2019-01-31T12:00:00Z","728.96","563.06","28800"
"2019-01-31T13:00:00Z","728.95","563.05","28700"
"2019-01-31T14:00:00Z","728.91","563.11","28600"
"2019-01-31T15:00:00Z","728.87","563.07","28600"
"2019-01-31T16:00:00Z","728.84","563.14","28600"
"2019-01-31T17:00:00Z","728.81","563.11","28500"
"2019-01-31T18:00:00Z","728.78","563.08","28500"
"2019-01-31T19:00:00Z","728.76","563.06","28500"
"2019-01-31T20:00:00Z","728.73","563.03","28400"
"2019-01-31T21:00:00Z","728.71","563.01","28400"
"2019-01-31T22:00:00Z","728.69","562.99","28400"
"2019-01-31T23:00:00Z","728.67","563.07","28400"